First Name,Last Name,Email,Gender,Age,Address
Evelyn,Cole,ecole1r@icio.us,Female,69,Clyde Gallagher Way
Deborah,Turner,dturner1s@hibu.com,Female,44,Anthes Drive
Gary,Powell,gpowell1t@cnbc.com,Male,75,Grim Road
Nancy,Duncan,nduncan1u@bravesites.com,Female,77,Laurel Crossing
Julie,Fisher,jfisher1v@buzzfeed.com,Female,64,Bluestem Plaza
Phillip,Hernandez,phernandez1w@ucoz.ru,Male,98,Hansons Terrace
Dennis,Fernandez,dfernandez1x@wikipedia.org,Male,39,Talmadge Drive
Brian,Coleman,bcoleman1y@simplemachines.org,Male,20,Dixon Terrace
Benjamin,Martin,bmartin1z@who.int,Male,33,Portage Way
Jerry,Berry,jberry20@google.ru,Male,32,Basil Avenue
Nancy,Bell,nbell21@jigsy.com,Female,56,Loftsgordon Plaza
Timothy,Weaver,tweaver22@php.net,Male,22,Orin Avenue
Diana,Holmes,dholmes23@npr.org,Female,42,Ridge Oak Court
Victor,Morales,vmorales24@freewebs.com,Male,42,Dayton Place
Catherine,Fuller,cfuller25@boston.com,Female,83,Scofield Hill
Evelyn,Gomez,egomez26@cyberchimps.com,Female,57,Loftsgordon Drive
Jason,Carroll,jcarroll27@msu.edu,Male,57,New Castle Street
James,Hall,jhall28@jalbum.net,Male,63,Raven Terrace
Anne,Garrett,agarrett29@toplist.cz,Female,62,Green Ridge Junction
Jeremy,Powell,jpowell2a@hubpages.com,Male,66,Westport Avenue
Frances,Simpson,fsimpson2b@joomla.org,Female,35,Del Sol Parkway
Laura,Webb,lwebb2c@boston.com,Female,81,Park Meadow Trail
Deborah,Bowman,dbowman2d@so-net.ne.jp,Female,41,Merchant Court
Harold,Bennett,hbennett2e@msu.edu,Male,41,Anthes Way
Ryan,Gilbert,rgilbert2f@chron.com,Male,46,Holy Cross Place
Kathryn,Cooper,kcooper2g@chron.com,Female,56,Briar Crest Park
Roger,West,rwest2h@php.net,Male,38,Belmont Terrace
Maria,Perry,mperry2i@macromedia.com,Female,27,Swallow Trail
Katherine,Robinson,krobinson2j@networkadvertising.org,Female,63,Elmside Parkway
Lori,Murphy,lmurphy2k@tuttocitta.it,Female,50,Kenwood Drive
Arthur,James,ajames2l@netscape.com,Male,68,Dahle Road
Matthew,Little,mlittle2m@yale.edu,Male,28,Westerfield Terrace
Joan,Hamilton,jhamilton2n@scientificamerican.com,Female,45,Tomscot Pass