id,first_name,last_name,email,gender,ip_address
1,Ax,Solomon,asolomon0@arizona.edu,Male,66.128.195.231
2,Emmeline,Raimes,eraimes1@yelp.com,Female,103.177.35.38
3,Fairleigh,Culvey,fculvey2@xinhuanet.com,Male,98.49.42.80
4,Royce,Bergin,rbergin3@latimes.com,Male,141.240.150.91
5,Hyatt,Grimwade,hgrimwade4@huffingtonpost.com,Male,157.221.105.173
6,Janifer,Henzley,jhenzley5@businesswire.com,Female,105.77.247.66
7,Claire,Kincade,ckincade6@addtoany.com,Female,97.220.87.62
8,Leyla,Tolworthy,ltolworthy7@yale.edu,Female,151.124.136.122
9,Samson,Allsepp,sallsepp8@rambler.ru,Male,123.96.136.60
10,Russell,Mussett,rmussett9@simplemachines.org,Male,28.232.180.109
11,Knox,Dessent,kdessenta@ibm.com,Male,100.35.48.167
12,Hendrik,Reaney,hreaneyb@cornell.edu,Male,142.29.99.201
13,Kilian,Itzkovich,kitzkovichc@time.com,Male,208.208.121.78
14,Nikolai,Brammer,nbrammerd@un.org,Male,105.207.107.103
15,Blair,Tudhope,btudhopee@boston.com,Female,84.36.58.56
16,Dorothy,Roote,drootef@chronoengine.com,Female,73.107.8.161
17,Evangelina,Filpo,efilpog@foxnews.com,Female,10.99.137.245
18,Jereme,McMenamin,jmcmenaminh@wikipedia.org,Male,51.14.12.72
19,Reinaldo,Blanshard,rblanshardi@shinystat.com,Male,188.91.118.98
20,Leslie,Sangwin,lsangwinj@webs.com,Female,75.160.214.230
21,Gabriellia,Millsap,gmillsapk@angelfire.com,Female,246.238.189.22
22,Bob,Bergstrand,bbergstrandl@free.fr,Male,27.135.35.240
23,Tessa,McWaters,tmcwatersm@elpais.com,Female,18.218.41.168
24,Rhianna,Ellyatt,rellyattn@bloglovin.com,Female,152.47.74.238
25,Sheffie,MacAfee,smacafeeo@blog.com,Male,5.117.87.37
26,Barbara,Maylin,bmaylinp@acquirethisname.com,Female,65.78.35.136
27,Haywood,Cardozo,hcardozoa@boston.com,Male,99.129.
